{
  "results": [
    {
      "command": "../csv2json -i test_1m.csv -o go_output_1m.json",
      "mean": 7.412950581013334,
      "stddev": 0.17696063709768262,
      "median": 7.38292496968,
      "user": 8.742039779999999,
      "system": 0.8616287000000001,
      "min": 7.25292363668,
      "max": 7.60300313668,
      "times": [
        7.60300313668,
        7.38292496968,
        7.25292363668
      ],
      "exit_codes": [
        0,
        0,
        0
      ]
    },
    {
      "command": "csvtojson test_1m.csv > node_output_1m.json",
      "mean": 5.341435914346667,
      "stddev": 0.027158778110749467,
      "median": 5.34978426168,
      "user": 3.1982731133333338,
      "system": 1.9366563666666667,
      "min": 5.31108296968,
      "max": 5.36344051168,
      "times": [
        5.36344051168,
        5.31108296968,
        5.34978426168
      ],
      "exit_codes": [
        0,
        0,
        0
      ]
    }
  ]
}
