{
  "results": [
    {
      "command": "../csv2json -i test_100k.csv -o go_output_100k.json",
      "mean": 0.7397139518200001,
      "stddev": 0.046747217013574587,
      "median": 0.7338980068200001,
      "user": 0.9078703199999999,
      "system": 0.06554365999999999,
      "min": 0.6961468408200001,
      "max": 0.78909700782,
      "times": [
        0.7338980068200001,
        0.78909700782,
        0.6961468408200001
      ],
      "exit_codes": [
        0,
        0,
        0
      ]
    },
    {
      "command": "csvtojson test_100k.csv > node_output_100k.json",
      "mean": 0.6186755488200001,
      "stddev": 0.005323661876074069,
      "median": 0.6182160908200001,
      "user": 0.43697265333333335,
      "system": 0.2125239933333333,
      "min": 0.61359650682,
      "max": 0.6242140488200001,
      "times": [
        0.6242140488200001,
        0.6182160908200001,
        0.61359650682
      ],
      "exit_codes": [
        0,
        0,
        0
      ]
    }
  ]
}
