{
  "results": [
    {
      "command": "../csv2json -i test_10k.csv -o go_output_10k.json",
      "mean": 0.08174559758000002,
      "stddev": 0.006061686699181232,
      "median": 0.08031664778000001,
      "user": 0.09683002,
      "system": 0.013926459999999998,
      "min": 0.07439998078000001,
      "max": 0.09086018878,
      "times": [
        0.07439998078000001,
        0.08355581478000002,
        0.09086018878,
        0.08031664778000001,
        0.07959535578000002
      ],
      "exit_codes": [
        0,
        0,
        0,
        0,
        0
      ]
    },
    {
      "command": "csvtojson test_10k.csv > node_output_10k.json",
      "mean": 0.16826508098,
      "stddev": 0.03906228243002047,
      "median": 0.15794152278,
      "user": 0.15554962,
      "system": 0.040009859999999994,
      "min": 0.14082598078000003,
      "max": 0.23690748078,
      "times": [
        0.14082598078000003,
        0.23690748078,
        0.15808873078000002,
        0.14756168978,
        0.15794152278
      ],
      "exit_codes": [
        0,
        0,
        0,
        0,
        0
      ]
    }
  ]
}
